{
    "name": "root",
    "gauges": {
        "GoldenSpineSmokeAgent.Policy.Entropy.mean": {
            "value": 1.4189386367797852,
            "min": 1.4189385175704956,
            "max": 1.4189386367797852,
            "count": 2
        },
        "GoldenSpineSmokeAgent.Policy.Entropy.sum": {
            "value": 305.0718078613281,
            "min": 285.2066345214844,
            "max": 305.0718078613281,
            "count": 2
        },
        "GoldenSpineSmokeAgent.Environment.EpisodeLength.mean": {
            "value": 26.444444444444443,
            "min": 20.125,
            "max": 26.444444444444443,
            "count": 2
        },
        "GoldenSpineSmokeAgent.Environment.EpisodeLength.sum": {
            "value": 238.0,
            "min": 161.0,
            "max": 238.0,
            "count": 2
        },
        "GoldenSpineSmokeAgent.Step.mean": {
            "value": 393.0,
            "min": 169.0,
            "max": 393.0,
            "count": 2
        },
        "GoldenSpineSmokeAgent.Step.sum": {
            "value": 393.0,
            "min": 169.0,
            "max": 393.0,
            "count": 2
        },
        "GoldenSpineSmokeAgent.Policy.ExtrinsicValueEstimate.mean": {
            "value": 0.08000834286212921,
            "min": 0.07501921057701111,
            "max": 0.08000834286212921,
            "count": 2
        },
        "GoldenSpineSmokeAgent.Policy.ExtrinsicValueEstimate.sum": {
            "value": 0.8800917863845825,
            "min": 0.6751729249954224,
            "max": 0.8800917863845825,
            "count": 2
        },
        "GoldenSpineSmokeAgent.Environment.CumulativeReward.mean": {
            "value": -1.4272326454520226,
            "min": -1.4272326454520226,
            "max": -1.0386915504932404,
            "count": 2
        },
        "GoldenSpineSmokeAgent.Environment.CumulativeReward.sum": {
            "value": -11.41786116361618,
            "min": -11.41786116361618,
            "max": -8.309532403945923,
            "count": 2
        },
        "GoldenSpineSmokeAgent.Policy.ExtrinsicReward.mean": {
            "value": -1.4272326454520226,
            "min": -1.4272326454520226,
            "max": -1.0386915504932404,
            "count": 2
        },
        "GoldenSpineSmokeAgent.Policy.ExtrinsicReward.sum": {
            "value": -11.41786116361618,
            "min": -11.41786116361618,
            "max": -8.309532403945923,
            "count": 2
        },
        "GoldenSpineSmokeAgent.IsTraining.mean": {
            "value": 1.0,
            "min": 1.0,
            "max": 1.0,
            "count": 2
        },
        "GoldenSpineSmokeAgent.IsTraining.sum": {
            "value": 1.0,
            "min": 1.0,
            "max": 1.0,
            "count": 2
        }
    },
    "metadata": {
        "timer_format_version": "0.1.0",
        "start_time_seconds": "1773440806",
        "python_version": "3.10.20 (main, Mar  3 2026, 14:57:27) [MSC v.1944 64 bit (AMD64)]",
        "command_line_arguments": "C:\\rl-movie\\.tmp-mlagents\\lib\\site-packages\\mlagents\\trainers\\learn.py Notebooks/golden_spine_smoke_smoke.yaml --run-id golden_spine_smoke__v1__smoke-local2__20260314_0725 --seed 1 --force --results-dir .tmp-training-results",
        "mlagents_version": "1.1.0",
        "mlagents_envs_version": "1.1.0",
        "communication_protocol_version": "1.5.0",
        "pytorch_version": "2.10.0+cpu",
        "numpy_version": "1.23.5",
        "end_time_seconds": "1773440888"
    },
    "total": 82.28765410000051,
    "count": 1,
    "self": 0.02680760000293958,
    "children": {
        "run_training.setup": {
            "total": 0.3240498999984993,
            "count": 1,
            "self": 0.3240498999984993
        },
        "TrainerController.start_learning": {
            "total": 81.93679659999907,
            "count": 1,
            "self": 0.021657099954609293,
            "children": {
                "TrainerController._reset_env": {
                    "total": 69.48470549999911,
                    "count": 1,
                    "self": 69.48470549999911
                },
                "TrainerController.advance": {
                    "total": 12.415690600046219,
                    "count": 537,
                    "self": 0.02228870008184458,
                    "children": {
                        "env_step": {
                            "total": 12.02946759995757,
                            "count": 537,
                            "self": 10.9423517000032,
                            "children": {
                                "SubprocessEnvManager._take_step": {
                                    "total": 1.07215609994455,
                                    "count": 537,
                                    "self": 0.07240619996446185,
                                    "children": {
                                        "TorchPolicy.evaluate": {
                                            "total": 0.9997498999800882,
                                            "count": 520,
                                            "self": 0.9997498999800882
                                        }
                                    }
                                },
                                "workers": {
                                    "total": 0.014959800009819446,
                                    "count": 537,
                                    "self": 0.0,
                                    "children": {
                                        "worker_root": {
                                            "total": 44.48327700000664,
                                            "count": 537,
                                            "is_parallel": true,
                                            "self": 34.65439660004267,
                                            "children": {
                                                "steps_from_proto": {
                                                    "total": 0.004070900002261624,
                                                    "count": 1,
                                                    "is_parallel": true,
                                                    "self": 0.0002162000018870458,
                                                    "children": {
                                                        "_process_rank_one_or_two_observation": {
                                                            "total": 0.003854700000374578,
                                                            "count": 2,
                                                            "is_parallel": true,
                                                            "self": 0.003854700000374578
                                                        }
                                                    }
                                                },
                                                "UnityEnvironment.step": {
                                                    "total": 9.824809499961702,
                                                    "count": 537,
                                                    "is_parallel": true,
                                                    "self": 0.08904189993336331,
                                                    "children": {
                                                        "UnityEnvironment._generate_step_input": {
                                                            "total": 0.0799858999926073,
                                                            "count": 537,
                                                            "is_parallel": true,
                                                            "self": 0.0799858999926073
                                                        },